{"test": {"x": [[0.1, 0.3, 0.5, 0.7], [0.1, 0.3, 0.5, 0.7]], "y": [[0.0001, 0.0001, 0.0001, 0.0001], [0.0002, 0.0002, 0.0002, 0.0002]], "z": [[0.012924250803854953, 0.0132913487658608, 0.0153844949937465, 0.024932574449002765], [0.018403313676765176, 0.01191077557086384, 0.015807926425254637, 0.011178367126094546]]}}